{
  "servers": [
    {
      "name": "example-server",
      "serverApiId": "CFTools Cloud Server ID",
      "connect": {
        "ip": "127.0.0.1",
        "port": 2302
      },
      "commandMapping": {
        "hasPriority": "hasPriority",
        "details": "details",
        "stats": "playerStats",
        "help": "help",
        "leaderboard": {
          "command": "leaderboard",
          "config": {
            "defaultStat": "kills",
            "allowedStats": [
              "kills",
              "deaths",
              "suicides",
              "playtime",
              "longest_kill",
              "longest_shot",
              "kdratio"
            ]
          }
        }
      }
    }
  ],
  "discord": {
    "token": "Discord app token",
    "author": "Optional author name (remove to use default)",
    "channels": false,
    "presence": false
  },
  "cftools": {
    "applicationId": "CFTools Cloud application ID",
    "secret": "CFTools Cloud application secret"
  }
}
